Year,Sown_Acres,Sown_Ha,Harvested_Acres,Harvested_Ha,Avg_Yield_Bushels_Acre,Avg_Yield_Kg_Ha,Production_Bushels,Production_Mt,season,Sown_to_Harvest_Ratio,rfh,rfh_avg,r1h,r1h_avg,r3h,r3h_avg,rfq,Population,Population_Growth_Rate,Inflation,Missing_Rainfall,Prev_Yield,Prev_Rainfall,Crisis_Indicator
1951,738,299,700,283,30.85,1591,18400,385,Maha,0.9464882943143812,62.38258770028011,64.50506032282912,186.17503236610645,193.14594800420167,538.4313716540616,575.0589468879551,97.29771979789916,16739284.0,0.0120368081788175,7.54291373239437,1,3337.5,53.83064299178711,0
1952,655,265,586,237,26.44,1363,13200,276,Maha,0.8943396226415095,62.38258770028011,64.50506032282912,186.17503236610645,193.14594800420167,538.4313716540616,575.0589468879551,97.29771979789916,16739284.0,0.0120368081788175,7.54291373239437,1,1591.0,64.50506032282912,0
1952,424,172,402,163,30.7,1583,10500,219,Yala,0.9476744186046512,42.91075342937745,43.15622566074509,130.89146514266764,129.96097507040392,368.96419988254905,394.66575780058827,99.81466305686274,16739284.0,0.0120368081788175,7.54291373239437,1,3337.5,53.83064299178711,0
1953,770,312,743,301,30.07,1550,19300,403,Maha,0.9647435897435898,62.38258770028011,64.50506032282912,186.17503236610645,193.14594800420167,538.4313716540616,575.0589468879551,97.29771979789916,16739284.0,0.0120368081788175,7.54291373239437,1,1363.0,64.50506032282912,0
1953,394,160,366,148,27.9,1439,8700,182,Yala,0.925,42.91075342937745,43.15622566074509,130.89146514266764,129.96097507040392,368.96419988254905,394.66575780058827,99.81466305686274,16739284.0,0.0120368081788175,7.54291373239437,1,1583.0,43.15622566074509,0
1954,825,334,793,321,32.15,1658,21700,454,Maha,0.9610778443113772,62.38258770028011,64.50506032282912,186.17503236610645,193.14594800420167,538.4313716540616,575.0589468879551,97.29771979789916,16739284.0,0.0120368081788175,7.54291373239437,1,1550.0,64.50506032282912,0
1954,483,196,458,185,29.95,1544,11800,247,Yala,0.9438775510204082,42.91075342937745,43.15622566074509,130.89146514266764,129.96097507040392,368.96419988254905,394.66575780058827,99.81466305686274,16739284.0,0.0120368081788175,7.54291373239437,1,1439.0,43.15622566074509,0
1955,823,333,724,293,30.85,1591,19400,405,Maha,0.8798798798798799,62.38258770028011,64.50506032282912,186.17503236610645,193.14594800420167,538.4313716540616,575.0589468879551,97.29771979789916,16739284.0,0.0120368081788175,7.54291373239437,1,1658.0,64.50506032282912,0
1955,522,211,492,199,32.93,1698,14000,293,Yala,0.943127962085308,42.91075342937745,43.15622566074509,130.89146514266764,129.96097507040392,368.96419988254905,394.66575780058827,99.81466305686274,16739284.0,0.0120368081788175,7.54291373239437,1,1544.0,43.15622566074509,0
1956,780,316,728,295,32.69,1685,20200,422,Maha,0.9335443037974684,62.38258770028011,64.50506032282912,186.17503236610645,193.14594800420167,538.4313716540616,575.0589468879551,97.29771979789916,16739284.0,0.0120368081788175,7.54291373239437,1,1591.0,64.50506032282912,0
1956,354,143,328,133,28.23,1456,8100,169,Yala,0.93006993006993,42.91075342937745,43.15622566074509,130.89146514266764,129.96097507040392,368.96419988254905,394.66575780058827,99.81466305686274,16739284.0,0.0120368081788175,7.54291373239437,1,1698.0,43.15622566074509,0
1957,841,340,716,290,34.06,1756,21200,443,Maha,0.8529411764705882,62.38258770028011,64.50506032282912,186.17503236610645,193.14594800420167,538.4313716540616,575.0589468879551,97.29771979789916,16739284.0,0.0120368081788175,7.54291373239437,1,1685.0,64.50506032282912,0
1957,428,173,411,166,31.76,1638,11080,232,Yala,0.9595375722543352,42.91075342937745,43.15622566074509,130.89146514266764,129.96097507040392,368.96419988254905,394.66575780058827,99.81466305686274,16739284.0,0.0120368081788175,7.54291373239437,1,1456.0,43.15622566074509,0
1958,848,343,759,307,34.04,1755,21900,458,Maha,0.8950437317784257,62.38258770028011,64.50506032282912,186.17503236610645,193.14594800420167,538.4313716540616,575.0589468879551,97.29771979789916,16739284.0,0.0120368081788175,7.54291373239437,1,1756.0,64.50506032282912,0
1958,542,219,523,212,34.87,1798,15400,322,Yala,0.9680365296803652,42.91075342937745,43.15622566074509,130.89146514266764,129.96097507040392,368.96419988254905,394.66575780058827,99.81466305686274,16739284.0,0.0120368081788175,7.54291373239437,1,1638.0,43.15622566074509,0
1959,921,373,857,347,36.1,1861,26300,550,Maha,0.9302949061662198,62.38258770028011,64.50506032282912,186.17503236610645,193.14594800420167,538.4313716540616,575.0589468879551,97.29771979789916,16739284.0,0.0120368081788175,7.54291373239437,1,1755.0,64.50506032282912,0
1959,482,195,469,190,36.33,1873,14500,303,Yala,0.9743589743589745,42.91075342937745,43.15622566074509,130.89146514266764,129.96097507040392,368.96419988254905,394.66575780058827,99.81466305686274,16739284.0,0.0120368081788175,7.54291373239437,1,1798.0,43.15622566074509,0
1960,934,378,888,360,35.93,1853,27100,566,Maha,0.9523809523809524,62.38258770028011,64.50506032282912,186.17503236610645,193.14594800420167,538.4313716540616,575.0589468879551,97.29771979789916,9661389.0,0.0,-1.54467680609201,1,1861.0,64.50506032282912,0
1960,548,222,536,217,36.82,1898,16700,349,Yala,0.9774774774774776,42.91075342937745,43.15622566074509,130.89146514266764,129.96097507040392,368.96419988254905,394.66575780058827,99.81466305686274,9661389.0,0.0,-1.54467680609201,1,1873.0,43.15622566074509,0
1961,958,388,936,379,38.02,1960,30200,631,Maha,0.9768041237113402,62.38258770028011,64.50506032282912,186.17503236610645,193.14594800420167,538.4313716540616,575.0589468879551,97.29771979789916,9899372.0,0.0246323794642777,1.1344436397999,1,1853.0,64.50506032282912,0
1961,538,218,519,210,36.46,1880,16000,334,Yala,0.963302752293578,42.91075342937745,43.15622566074509,130.89146514266764,129.96097507040392,368.96419988254905,394.66575780058827,99.81466305686274,9899372.0,0.0246323794642777,1.1344436397999,1,1898.0,43.15622566074509,0
1962,1000,405,982,398,37.84,1951,31600,660,Maha,0.982716049382716,62.38258770028011,64.50506032282912,186.17503236610645,193.14594800420167,538.4313716540616,575.0589468879551,97.29771979789916,10143754.0,0.0246866164843588,1.50357995251549,1,1960.0,64.50506032282912,0
1962,578,234,556,225,37.69,1943,17800,372,Yala,0.9615384615384616,42.91075342937745,43.15622566074509,130.89146514266764,129.96097507040392,368.96419988254905,394.66575780058827,99.81466305686274,10143754.0,0.0246866164843588,1.50357995251549,1,1880.0,43.15622566074509,0
1963,1014,411,980,397,38.6,1990,32148,672,Maha,0.9659367396593674,62.38258770028011,64.50506032282912,186.17503236610645,193.14594800420167,538.4313716540616,575.0589468879551,97.29771979789916,10395040.0,0.0247724856103568,2.27290539996214,1,1951.0,64.50506032282912,0
1963,562,228,544,220,38.04,1961,17600,368,Yala,0.9649122807017544,42.91075342937745,43.15622566074509,130.89146514266764,129.96097507040392,368.96419988254905,394.66575780058827,99.81466305686274,10395040.0,0.0247724856103568,2.27290539996214,1,1943.0,43.15622566074509,0
1964,985,399,796,322,34.11,1759,23070,482,Maha,0.8070175438596491,62.38258770028011,64.50506032282912,186.17503236610645,193.14594800420167,538.4313716540616,575.0589468879551,97.29771979789916,10653397.0,0.0248538726161708,3.19564717604592,1,1990.0,64.50506032282912,0
1964,572,232,555,225,38.92,2007,18357,384,Yala,0.9698275862068966,42.91075342937745,43.15622566074509,130.89146514266764,129.96097507040392,368.96419988254905,394.66575780058827,99.81466305686274,10653397.0,0.0248538726161708,3.19564717604592,1,1961.0,43.15622566074509,0
1965,1050,425,1007,408,35.91,1852,30739,642,Maha,0.96,62.38258770028011,64.50506032282912,186.17503236610645,193.14594800420167,538.4313716540616,575.0589468879551,97.29771979789916,10916965.0,0.0247402776785659,0.222783306254021,1,1759.0,64.50506032282912,0
1965,471,191,447,181,34.7,1789,13182,276,Yala,0.9476439790575916,42.91075342937745,43.15622566074509,130.89146514266764,129.96097507040392,368.96419988254905,394.66575780058827,99.81466305686274,10916965.0,0.0247402776785659,0.222783306254021,1,2007.0,43.15622566074509,0
1966,1054,427,1006,407,40.85,2106,34945,730,Maha,0.9531615925058547,62.38258770028011,64.50506032282912,186.17503236610645,193.14594800420167,538.4313716540616,575.0589468879551,97.29771979789916,11183928.0,0.0244539576704698,-0.155601659973846,1,1852.0,64.50506032282912,0
1966,567,230,505,204,35.04,1807,15048,315,Yala,0.8869565217391304,42.91075342937745,43.15622566074509,130.89146514266764,129.96097507040392,368.96419988254905,394.66575780058827,99.81466305686274,11183928.0,0.0244539576704698,-0.155601659973846,1,1789.0,43.15622566074509,0
1967,1147,464,1078,436,47.49,2449,43500,909,Maha,0.9396551724137931,62.38258770028011,64.50506032282912,186.17503236610645,193.14594800420167,538.4313716540616,575.0589468879551,97.29771979789916,11457328.0,0.0244457940001043,2.18923933203517,1,2106.0,64.50506032282912,0
1967,585,237,561,227,42.01,2166,20017,418,Yala,0.9578059071729956,42.91075342937745,43.15622566074509,130.89146514266764,129.96097507040392,368.96419988254905,394.66575780058827,99.81466305686274,11457328.0,0.0244457940001043,2.18923933203517,1,1807.0,43.15622566074509,0
1968,1182,479,1079,437,51.23,2641,46966,982,Maha,0.9123173277661796,62.38258770028011,64.50506032282912,186.17503236610645,193.14594800420167,538.4313716540616,575.0589468879551,97.29771979789916,11736088.0,0.0243302801490887,5.86056644898579,1,2449.0,64.50506032282912,1
1968,596,241,556,225,44.54,2296,21000,439,Yala,0.933609958506224,42.91075342937745,43.15622566074509,130.89146514266764,129.96097507040392,368.96419988254905,394.66575780058827,99.81466305686274,11736088.0,0.0243302801490887,5.86056644898579,1,2166.0,43.15622566074509,1
1969,1191,482,1115,451,52.21,2692,49492,1034,Maha,0.9356846473029046,62.38258770028011,64.50506032282912,186.17503236610645,193.14594800420167,538.4313716540616,575.0589468879551,97.29771979789916,12013858.0,0.0236680229391599,7.45695273372576,1,2641.0,64.50506032282912,1
1969,527,213,461,187,48.24,2487,18898,395,Yala,0.8779342723004695,42.91075342937745,43.15622566074509,130.89146514266764,129.96097507040392,368.96419988254905,394.66575780058827,99.81466305686274,12013858.0,0.0236680229391599,7.45695273372576,1,2296.0,43.15622566074509,1
1970,1147,464,1089,441,44.9,2315,41560,869,Maha,0.9504310344827588,62.38258770028011,64.50506032282912,186.17503236610645,193.14594800420167,538.4313716540616,575.0589468879551,97.29771979789916,12287110.0,0.0227447336234538,5.86695607765968,1,2692.0,64.50506032282912,1
1970,684,277,661,268,49.78,2567,27955,584,Yala,0.967509025270758,42.91075342937745,43.15622566074509,130.89146514266764,129.96097507040392,368.96419988254905,394.66575780058827,99.81466305686274,12287110.0,0.0227447336234538,5.86695607765968,1,2487.0,43.15622566074509,1
1971,1186,480,1035,419,48.09,2480,42327,885,Maha,0.8729166666666667,62.38258770028011,64.50506032282912,186.17503236610645,193.14594800420167,538.4313716540616,575.0589468879551,97.29771979789916,12551910.0,0.0215510400737033,2.66538020859991,1,2315.0,64.50506032282912,0
1971,646,262,625,253,47.66,2457,25335,530,Yala,0.965648854961832,42.91075342937745,43.15622566074509,130.89146514266764,129.96097507040392,368.96419988254905,394.66575780058827,99.81466305686274,12551910.0,0.0215510400737033,2.66538020859991,1,2567.0,43.15622566074509,0
1972,1176,476,1085,439,45.54,2348,42004,878,Maha,0.9222689075630252,62.38258770028011,64.50506032282912,186.17503236610645,193.14594800420167,538.4313716540616,575.0589468879551,97.29771979789916,12809205.0,0.0204984739374325,6.34948605013613,1,2480.0,64.50506032282912,0
1972,609,247,543,220,44.54,2296,20574,430,Yala,0.8906882591093117,42.91075342937745,43.15622566074509,130.89146514266764,129.96097507040392,368.96419988254905,394.66575780058827,99.81466305686274,12809205.0,0.0204984739374325,6.34948605013613,1,2457.0,43.15622566074509,0
1973,1318,534,1288,521,47.72,2460,52629,1100,Maha,0.9756554307116104,62.38258770028011,64.50506032282912,186.17503236610645,193.14594800420167,538.4313716540616,575.0589468879551,97.29771979789916,13060916.0,0.0196507901934586,9.62664310171122,1,2348.0,64.50506032282912,1
1973,613,248,575,233,42.78,2206,20896,437,Yala,0.939516129032258,42.91075342937745,43.15622566074509,130.89146514266764,129.96097507040392,368.96419988254905,394.66575780058827,99.81466305686274,13060916.0,0.0196507901934586,9.62664310171122,1,2296.0,43.15622566074509,1
1974,1096,444,875,354,46.25,2385,34458,720,Maha,0.7972972972972973,62.38258770028011,64.50506032282912,186.17503236610645,193.14594800420167,538.4313716540616,575.0589468879551,97.29771979789916,13305693.0,0.0187411817057854,12.3028867952472,1,2460.0,64.50506032282912,1
1974,720,291,681,276,41.74,2152,24165,505,Yala,0.9484536082474226,42.91075342937745,43.15622566074509,130.89146514266764,129.96097507040392,368.96419988254905,394.66575780058827,99.81466305686274,13305693.0,0.0187411817057854,12.3028867952472,1,2206.0,43.15622566074509,1
1975,1147,464,1052,426,47.17,2432,42278,884,Maha,0.918103448275862,62.38258770028011,64.50506032282912,186.17503236610645,193.14594800420167,538.4313716540616,575.0589468879551,97.29771979789916,13548984.0,0.01828472970179,6.62599255320979,1,2385.0,64.50506032282912,0
1975,624,253,600,243,40.84,2106,20857,436,Yala,0.9604743083003952,42.91075342937745,43.15622566074509,130.89146514266764,129.96097507040392,368.96419988254905,394.66575780058827,99.81466305686274,13548984.0,0.01828472970179,6.62599255320979,1,2152.0,43.15622566074509,0
1976,1329,538,1250,506,51.56,2658,54833,1146,Maha,0.9405204460966544,62.38258770028011,64.50506032282912,186.17503236610645,193.14594800420167,538.4313716540616,575.0589468879551,97.29771979789916,13796770.0,0.0182881609425473,1.3295186805823,1,2432.0,64.50506032282912,0
1976,642,260,518,210,40.3,2078,17756,371,Yala,0.8076923076923077,42.91075342937745,43.15622566074509,130.89146514266764,129.96097507040392,368.96419988254905,394.66575780058827,99.81466305686274,13796770.0,0.0182881609425473,1.3295186805823,1,2106.0,43.15622566074509,0
1977,1421,575,1366,553,53.02,2734,61626,1288,Maha,0.9617391304347828,62.38258770028011,64.50506032282912,186.17503236610645,193.14594800420167,538.4313716540616,575.0589468879551,97.29771979789916,14049371.0,0.018308705588337,1.22487958802845,1,2658.0,64.50506032282912,0
1977,717,290,683,277,43.98,2268,25554,534,Yala,0.9551724137931036,42.91075342937745,43.15622566074509,130.89146514266764,129.96097507040392,368.96419988254905,394.66575780058827,99.81466305686274,14049371.0,0.018308705588337,1.22487958802845,1,2078.0,43.15622566074509,0
1978,1428,578,1361,551,54.7,2820,66764,1395,Maha,0.953287197231834,62.38258770028011,64.50506032282912,186.17503236610645,193.14594800420167,538.4313716540616,575.0589468879551,97.29771979789916,14310128.0,0.0185600479907606,12.141597276466,1,2734.0,64.50506032282912,0
1978,742,300,708,287,46.61,2403,28979,606,Yala,0.9566666666666668,42.91075342937745,43.15622566074509,130.89146514266764,129.96097507040392,368.96419988254905,394.66575780058827,99.81466305686274,14310128.0,0.0185600479907606,12.141597276466,1,2268.0,43.15622566074509,0
1979,1417,573,1382,554,57.23,2951,69653,1453,Maha,0.9668411867364748,62.38258770028011,64.50506032282912,186.17503236610645,193.14594800420167,538.4313716540616,575.0589468879551,97.29771979789916,14579614.0,0.0188318371435951,10.731921430873,1,2820.0,64.50506032282912,0
1979,647,261,575,232,49.94,2575,25122,524,Yala,0.8888888888888888,42.91075342937745,43.15622566074509,130.89146514266764,129.96097507040392,368.96419988254905,394.66575780058827,99.81466305686274,14579614.0,0.0188318371435951,10.731921430873,1,2403.0,43.15622566074509,0
1980,1474,597,1410,565,58.29,3005,72961,1522,Maha,0.9463986599664992,,,,,,,,14847974.0,0.018406522971047,26.1454101014465,0,2951.0,64.50506032282912,0
1980,670,271,648,261,55.99,2887,32584,681,Yala,0.96309963099631,,,,,,,,14847974.0,0.018406522971047,26.1454101014465,0,2575.0,43.15622566074509,0
1981,1402,567,1183,478,61.1,3150,65313,1363,Maha,0.8430335097001763,50.55811164901961,64.50506032282912,150.63010930686275,189.14321198319328,478.0425609369748,528.6036298011204,80.78047099929972,15099414.0,0.016934296894647,17.9689954960101,0,3005.0,53.83064299178711,1
1981,692,280,671,272,56.9,2934,33884,707,Yala,0.9714285714285714,42.34463082625686,43.15622566074509,126.96544285374507,129.96097507040392,352.3422622596078,394.66575780058827,98.44623639803922,15099414.0,0.016934296894647,17.9689954960101,0,2887.0,53.83064299178711,1
1982,1440,583,1381,558,70.55,3638,85594,1786,Maha,0.9571183533447684,54.377812647338935,64.50506032282912,158.14980004537816,193.14594800420167,429.12048312464987,575.0589468879551,71.5502144684874,15286567.0,0.0123947194242106,10.8257491675687,0,3150.0,64.50506032282912,0
1982,684,277,661,267,64.63,3332,37999,793,Yala,0.9638989169675092,33.22551276197844,43.15622566074509,101.6734532204902,129.96097507040392,287.9415233368628,394.66575780058827,76.91550850392157,15286567.0,0.0123947194242106,10.8257491675687,0,2934.0,43.15622566074509,0
1983,1499,606,1258,509,58.79,3031,65154,1353,Maha,0.8399339933993399,43.52488793179272,64.50506032282912,117.3343753130252,193.14594800420167,425.22475958823526,575.0589468879551,65.13787350140056,15388794.0,0.0066873746080464,13.9643880065001,0,3638.0,64.50506032282912,1
1983,596,241,541,219,69.89,3604,33433,698,Yala,0.908713692946058,26.120779119462743,43.15622566074509,74.11008121517646,129.96097507040392,192.90517855549015,394.66575780058827,71.16665696960784,15388794.0,0.0066873746080464,13.9643880065001,0,3332.0,43.15622566074509,1
1984,1405,569,1382,559,67.84,3498,83927,1751,Maha,0.9824253075571178,81.66915215420168,64.50506032282912,257.0267059910364,193.14594800420167,682.2466132408963,575.0589468879551,163.25276174467783,15441860.0,0.0034483533927349,16.6382537479217,0,3031.0,64.50506032282912,0
1984,948,384,931,377,61.02,3146,50814,1060,Yala,0.9817708333333334,41.89111489981372,43.15622566074509,138.43532894697842,129.96097507040392,539.8049327398039,394.66575780058827,100.0748989862745,15441860.0,0.0034483533927349,16.6382537479217,0,3604.0,43.15622566074509,0
1985,1372,555,1302,527,69.54,3585,80817,1688,Maha,0.9495495495495496,56.00904137380952,64.50506032282912,163.3313503557423,193.14594800420167,480.62228048739496,575.0589468879551,97.00833903291316,15544154.0,0.0066244610429053,1.48118012235429,0,3498.0,64.50506032282912,0
1985,771,312,757,305,64.83,3343,43625,910,Yala,0.9775641025641024,32.42296219739608,43.15622566074509,102.5161261923588,129.96097507040392,344.1055924454902,394.66575780058827,82.62433568039216,15544154.0,0.0066244610429053,1.48118012235429,0,3146.0,43.15622566074509,0
1986,1255,508,1069,433,71.33,3678,66741,1392,Maha,0.8523622047244095,49.43367264537815,64.50506032282912,146.51196874033613,193.14594800420167,432.3786668345938,575.0589468879551,89.08340350784314,15731256.0,0.0120368081788175,7.97636193570627,0,3585.0,64.50506032282912,0
1986,840,340,762,308,63.76,3287,43139,900,Yala,0.9058823529411764,27.58497216430588,43.15622566074509,83.2715348129608,129.96097507040392,287.12494354607844,394.66575780058827,70.99121657058824,15731256.0,0.0120368081788175,7.97636193570627,0,3343.0,43.15622566074509,0
1987,1346,545,1232,499,66.71,3440,73077,1525,Maha,0.9155963302752294,48.774579272605045,64.50506032282912,145.702612970028,193.14594800420167,410.6163381415967,575.0589468879551,71.37090108473389,15916576.0,0.0117803689673603,7.71716560559269,0,3678.0,64.50506032282912,1
1987,676,273,608,246,65.2,3362,35246,735,Yala,0.9010989010989012,27.357588433325493,43.15622566074509,85.43949559117647,129.96097507040392,251.16795087843136,394.66575780058827,69.50244251176471,15916576.0,0.0117803689673603,7.71716560559269,0,3287.0,43.15622566074509,1
1988,1159,469,1087,440,66.5,3429,64343,1342,Maha,0.9381663113006397,43.848247564425776,64.50506032282912,137.8094270872549,193.14594800420167,460.8727198137255,575.0589468879551,76.17204643613445,16078621.0,0.0101808956901283,13.9915489002075,0,3440.0,64.50506032282912,1
1988,799,323,783,317,65.37,3370,45627,952,Yala,0.9814241486068112,46.87145738579412,43.15622566074509,131.06553149267253,129.96097507040392,368.6629216164706,394.66575780058827,115.16708509411764,16078621.0,0.0101808956901283,13.9915489002075,0,3362.0,43.15622566074509,1
1989,1303,527,1283,516,69.13,3564,78968,1647,Maha,0.9791271347248576,46.812666551540616,64.50506032282912,140.69035729285713,193.14594800420167,410.6981024593838,575.0589468879551,75.84532642647059,16248557.0,0.0105690655933738,11.5675360890558,0,3429.0,64.50506032282912,1
1989,638,258,617,250,63.6,3279,34573,721,Yala,0.9689922480620154,33.415297513460786,43.15622566074509,100.59657527045098,129.96097507040392,305.5330540986274,394.66575780058827,79.77888317058823,16248557.0,0.0105690655933738,11.5675360890558,0,3370.0,43.15622566074509,1
1990,1237,501,1193,483,70.21,3620,74485,1554,Maha,0.9640718562874252,62.38258770028011,64.50506032282912,171.62747086890758,193.14594800420167,463.1114750532213,575.0589468879551,97.29771979789916,16352458.0,0.006394475521734,21.495252052759,0,3564.0,64.50506032282912,0
1990,806,326,763,309,63.35,3266,42706,891,Yala,0.9478527607361964,37.403401998666666,43.15622566074509,120.45874424582352,129.96097507040392,369.2654781486275,394.66575780058827,90.0569681627451,16352458.0,0.006394475521734,21.495252052759,0,3279.0,43.15622566074509,0
1991,1355,548,1292,523,68.12,3512,78155,1630,Maha,0.9543795620437956,49.476721886134456,64.50506032282912,151.02258010994396,193.14594800420167,495.6940325271709,575.0589468879551,79.5229851955182,16475354.0,0.0075154450786543,12.1856307214389,0,3620.0,64.50506032282912,0
1991,781,316,761,308,59.12,3048,39986,835,Yala,0.9746835443037974,35.95768756999804,43.15622566074509,111.89252897260783,129.96097507040392,332.4520272896078,394.66575780058827,91.6810345627451,16475354.0,0.0075154450786543,12.1856307214389,0,3266.0,43.15622566074509,0
1992,1348,546,1330,538,68.2,3516,81124,1692,Maha,0.9853479853479854,48.949999727871145,64.50506032282912,154.7064090327731,193.14594800420167,451.1842501344538,575.0589468879551,67.92724535490196,16739284.0,0.0160196861323891,11.3834370512206,0,3512.0,64.50506032282912,0
1992,630,255,601,243,63.09,3253,34029,710,Yala,0.9529411764705882,38.95178748553333,43.15622566074509,112.86317666107844,129.96097507040392,296.0389192117647,394.66575780058827,93.5017840509804,16739284.0,0.0160196861323891,11.3834370512206,0,3048.0,43.15622566074509,0
1993,1436,581,1385,561,64.87,3345,80054,1670,Maha,0.965576592082616,67.79166709957983,64.50506032282912,198.826455517507,193.14594800420167,533.1402129915966,575.0589468879551,90.87323924509803,17025918.0,0.0171234325195748,11.7467370174946,0,3516.0,64.50506032282912,0
1993,713,289,696,282,67.52,3481,42089,878,Yala,0.9757785467128028,42.00158495895295,43.15622566074509,126.3138885747843,129.96097507040392,367.5224984490196,394.66575780058827,91.27869799803922,17025918.0,0.0171234325195748,11.7467370174946,0,3253.0,43.15622566074509,0
1994,1400,567,1357,549,69.89,3604,84407,1761,Maha,0.9682539682539684,73.95332308333333,64.50506032282912,226.2871161512605,193.14594800420167,712.1064822058825,575.0589468879551,109.30696979411763,17275773.0,0.0146749796398644,8.44871248698348,0,3345.0,64.50506032282912,0
1994,861,349,830,336,65.82,3394,48576,1013,Yala,0.9627507163323782,22.69661060281961,43.15622566074509,67.60916997008431,129.96097507040392,229.36070286137252,394.66575780058827,64.85972204764707,17275773.0,0.0146749796398644,8.44871248698348,0,3481.0,43.15622566074509,0
1995,1233,499,1051,425,68.54,3534,63807,1331,Maha,0.8517034068136272,44.81281712871149,64.50506032282912,139.56664214481793,193.14594800420167,515.2980024551821,575.0589468879551,75.58989449159664,17564068.0,0.0166878205681446,7.67484873449805,0,3604.0,64.50506032282912,0
1995,861,348,841,340,66.47,3427,50271,1049,Yala,0.9770114942528736,52.276500730307845,43.15622566074509,151.19473455209803,129.96097507040392,431.8565959986275,394.66575780058827,115.97452515882352,17564068.0,0.0166878205681446,7.67484873449805,0,3394.0,43.15622566074509,0
1996,1169,473,1095,443,71.19,3671,69837,1457,Maha,0.9365750528541226,62.27190058935574,64.50506032282912,190.52168726750705,193.14594800420167,512.4953800938375,575.0589468879551,98.45258551512606,17905018.0,0.0194117900249533,15.9358310447214,0,3534.0,64.50506032282912,0
1996,617,250,580,235,67.44,3477,35000,730,Yala,0.94,37.41019289372549,43.15622566074509,102.8754403202745,129.96097507040392,307.8689916590196,394.66575780058827,95.87358104313726,17905018.0,0.0194117900249533,15.9358310447214,0,3427.0,43.15622566074509,0
1997,1418,574,1391,563,68.95,3555,85366,1781,Maha,0.980836236933798,70.28094680378152,64.50506032282912,210.51579434859943,193.14594800420167,607.2581947086835,575.0589468879551,91.9558996092437,18248200.0,0.0191668056407428,9.57369626405162,0,3671.0,64.50506032282912,1
1997,635,257,610,247,68.39,3526,37496,782,Yala,0.9610894941634242,44.3738269848549,43.15622566074509,135.23316936177648,129.96097507040392,386.5811185943137,394.66575780058827,97.1961192509804,18248200.0,0.0191668056407428,9.57369626405162,0,3477.0,43.15622566074509,1
1998,1351,547,1331,539,70.06,3612,83196,1736,Maha,0.9853747714808044,50.36438563767507,64.50506032282912,146.042030932493,193.14594800420167,526.2768718669467,575.0589468879551,74.73644008865547,18596003.0,0.0190595784789733,9.36424300683229,0,3555.0,64.50506032282912,0
1998,678,274,657,266,73.84,3807,43678,911,Yala,0.9708029197080292,44.830085121162746,43.15622566074509,131.45807642035294,129.96097507040392,325.2184311462745,394.66575780058827,107.23067405098038,18596003.0,0.0190595784789733,9.36424300683229,0,3526.0,43.15622566074509,0
1999,1357,549,1300,526,73.65,3798,85374,1781,Maha,0.9581056466302368,69.23558847394959,64.50506032282912,212.55738324005603,193.14594800420167,617.8829194495798,575.0589468879551,112.41231532913166,18944731.0,0.0187528470499815,4.69170563048438,0,3612.0,64.50506032282912,0
1999,854,345,823,333,72.78,3752,53746,1121,Yala,0.9652173913043478,40.276135290427455,43.15622566074509,119.5618264498353,129.96097507040392,401.5648387358824,394.66575780058827,88.02161387254901,18944731.0,0.0187528470499815,4.69170563048438,0,3807.0,43.15622566074509,0
2000,1184,479,1163,471,74.86,3860,77304,1613,Maha,0.9832985386221296,71.78253509754902,64.50506032282912,203.2402605672269,193.14594800420167,605.0922648319329,575.0589468879551,126.53557517507,19293054.0,0.0183862732070463,6.17627591012045,0,3798.0,64.50506032282912,0
2000,812,329,756,306,76.76,3958,51711,1079,Yala,0.9300911854103344,34.174563273813725,43.15622566074509,101.65718276919608,129.96097507040392,332.33070711960784,394.66575780058827,90.65256590490196,19293054.0,0.0183862732070463,6.17627591012045,0,3752.0,43.15622566074509,0
2001,1261,510,1232,499,77.39,3990,85002,1774,Maha,0.9784313725490196,57.52916996184874,64.50506032282912,184.19510275238096,193.14594800420167,535.3759096530812,575.0589468879551,94.08864086344538,19600362.0,0.0159284268835819,14.15845579912,0,3860.0,64.50506032282912,1
2001,789,319,727,294,79.6,4102,51830,1082,Yala,0.9216300940438872,37.875366264245095,43.15622566074509,113.57031786082352,129.96097507040392,351.0575391111765,394.66575780058827,90.96481047745098,19600362.0,0.0159284268835819,14.15845579912,0,3958.0,43.15622566074509,1
2002,1487,602,1383,560,73.58,3794,90806,1895,Maha,0.9302325581395348,61.91217571232493,64.50506032282912,181.9864747058824,193.14594800420167,504.13688854117646,575.0589468879551,90.0910811512605,19805752.0,0.0104788880940056,9.55103167007251,0,3990.0,64.50506032282912,0
2002,845,342,793,321,72.57,3742,52027,1086,Yala,0.9385964912280702,37.25934116927451,43.15622566074509,112.06872230141764,129.96097507040392,343.48329688823526,394.66575780058827,85.22047649803922,19805752.0,0.0104788880940056,9.55103167007251,0,4102.0,43.15622566074509,0
2003,1287,521,1159,469,77.62,4002,80022,1670,Maha,0.9001919385796545,58.96892278830532,64.50506032282912,182.6073753564426,193.14594800420167,588.5968216460784,575.0589468879551,96.44980935434172,19951521.0,0.0073599326094762,6.31463787051174,0,3794.0,64.50506032282912,0
2003,941,381,867,351,71.92,3708,56177,1172,Yala,0.9212598425196852,45.48819826417843,43.15622566074509,142.80467564131374,129.96097507040392,432.42779002254906,394.66575780058827,107.66059804784314,19951521.0,0.0073599326094762,6.31463787051174,0,3742.0,43.15622566074509,0
2004,1435,581,1408,570,76.7,3955,96461,2013,Maha,0.9810671256454389,72.89229503949579,64.50506032282912,205.72588307563024,193.14594800420167,583.1640170854342,575.0589468879551,104.855801732493,20087605.0,0.0068207331160365,7.57592582995856,0,4002.0,64.50506032282912,0
2004,637,258,620,251,82.32,4244,45921,958,Yala,0.9728682170542636,43.00483309886863,43.15622566074509,129.73659909898038,129.96097507040392,386.7392281039216,394.66575780058827,99.26157432156865,20087605.0,0.0068207331160365,7.57592582995856,0,3708.0,43.15622566074509,0
2005,1461,591,1448,586,78.92,4069,102349,2135,Maha,0.9915397631133672,71.70405337422969,64.50506032282912,223.3962628732493,193.14594800420167,637.6442607492997,575.0589468879551,100.11578262605042,20216524.0,0.0064178382639443,11.6396860971118,0,3955.0,64.50506032282912,0
2005,881,357,853,345,77.11,3976,59116,1233,Yala,0.9663865546218487,42.81667375988627,43.15622566074509,130.71739879266275,129.96097507040392,401.6650156384314,394.66575780058827,99.55442712745098,20216524.0,0.0064178382639443,11.6396860971118,0,4244.0,43.15622566074509,0
2006,1298,525,1265,512,83.38,4299,94554,1973,Maha,0.9752380952380952,82.80132883963586,64.50506032282912,242.96964946638656,193.14594800420167,713.512949904762,575.0589468879551,126.3688752857143,20352411.0,0.006721580821708,10.0201836057035,0,4069.0,64.50506032282912,0
2006,789,319,776,314,82.68,4263,57814,1206,Yala,0.9843260188087776,32.51364730436275,43.15622566074509,98.80465623570588,129.96097507040392,330.44129056607846,394.66575780058827,81.27436353529413,20352411.0,0.006721580821708,10.0201836057035,0,3976.0,43.15622566074509,0
2007,1437,582,1404,568,81.08,4175,101852,2125,Maha,0.9759450171821306,58.32756791736694,64.50506032282912,173.76765431302522,193.14594800420167,597.4405773543417,575.0589468879551,88.51580247829132,20492545.0,0.0068853758898639,15.8421114924843,0,4299.0,64.50506032282912,0
2007,720,291,701,284,88.1,4543,55505,1158,Yala,0.9759450171821306,60.17052349014902,43.15622566074509,171.35823993407843,129.96097507040392,475.9864346656863,394.66575780058827,133.33061739607842,20492545.0,0.0068853758898639,15.8421114924843,0,4263.0,43.15622566074509,0
2008,1562,632,1495,604,85.74,4421,114254,2384,Maha,0.9556962025316456,66.4659926009804,64.50506032282912,203.0791175280112,193.14594800420167,536.2057251820728,575.0589468879551,123.09573747058823,20629378.0,0.0066772087117534,22.5644955300126,0,4175.0,64.50506032282912,0
2008,1165,471,1148,465,81.36,4195,83871,1750,Yala,0.9872611464968152,47.87097266226078,43.15622566074509,157.2542990819804,129.96097507040392,556.9865555021569,394.66575780058827,105.7532788637255,20629378.0,0.0066772087117534,22.5644955300126,0,4543.0,43.15622566074509,0
2009,1596,646,1590,643,88.88,4583,126024,2630,Maha,0.9953560371517028,67.66447893277311,64.50506032282912,186.17503236610645,193.14594800420167,518.4889278291316,575.0589468879551,103.48673397759104,20756435.0,0.006159032036739,3.46496322106074,0,4421.0,64.50506032282912,0
2009,853,345,834,337,81.21,4187,60755,1268,Yala,0.9768115942028984,45.40165100886863,43.15622566074509,143.54870552241567,129.96097507040392,442.78029122039214,394.66575780058827,104.38654138039216,20756435.0,0.006159032036739,3.46496322106074,0,4195.0,43.15622566074509,0
2010,1804,730,1516,613,71.13,2994,95655,1996,Maha,0.8397260273972603,77.00085372268907,64.50506032282912,228.95164451092435,193.14594800420167,673.1065929649859,575.0589468879551,111.6740534397759,20879089.0,0.0059092035795165,6.2176488930462,0,4583.0,64.50506032282912,0
2010,1036,419,1031,417,86.19,4444,80087,1671,Yala,0.9952267303102624,60.50912121341177,43.15622566074509,180.02387528405882,129.96097507040392,502.3841495809804,394.66575780058827,127.68375627843136,20879089.0,0.0059092035795165,6.2176488930462,0,4187.0,43.15622566074509,0
2011,1735,702,1692,685,86.2,4444,130212,2718,Maha,0.9757834757834758,83.22671591792718,64.50506032282912,255.40493750700284,193.14594800420167,787.8899862422969,575.0589468879551,140.8668861666667,21009048.0,0.0062243616088806,6.7167684358854,0,2994.0,64.50506032282912,0
2011,1218,493,1209,489,84.3,4347,90965,1898,Yala,0.9918864097363084,46.74173275492941,43.15622566074509,141.74354453637844,129.96097507040392,486.04549254215686,394.66575780058827,106.39538991764708,21009048.0,0.0062243616088806,6.7167684358854,0,4444.0,43.15622566074509,0
2012,1927,780,1833,742,83.04,4281,136410,2846,Maha,0.9512820512820512,77.74203012535014,64.50506032282912,217.15161725560225,193.14594800420167,612.8602589103641,575.0589468879551,113.1765740140056,21169458.0,0.0076352817129077,7.54291373239437,0,4444.0,64.50506032282912,0
2012,901,365,754,305,80.39,4145,54107,1129,Yala,0.8356164383561644,35.14332861650392,43.15622566074509,103.94667810637254,129.96097507040392,319.6046652566667,394.66575780058827,83.67695845823529,21169458.0,0.0076352817129077,7.54291373239437,0,4347.0,43.15622566074509,0
2013,1609,651,1433,580,83.3,4222,107155,2236,Maha,0.890937019969278,64.98626927633053,64.50506032282912,215.07620803081232,193.14594800420167,685.9316839495798,575.0589468879551,125.80313499019609,20585000.0,-0.0276085481262675,6.90845034828452,0,4281.0,64.50506032282912,0
2013,1106,448,1104,447,85.5,4408,85042,1774,Yala,0.9977678571428572,45.41159525056274,43.15622566074509,144.78634203592156,129.96097507040392,480.869377802353,394.66575780058827,105.7814211745098,20585000.0,-0.0276085481262675,6.90845034828452,0,4145.0,43.15622566074509,0
2014,1909,773,1816,735,84.64,4364,137882,2877,Maha,0.9508408796895214,82.98402003739496,64.50506032282912,220.81134635308123,193.14594800420167,585.9655669579832,575.0589468879551,114.09934163165266,20778000.0,0.0093757590478504,3.1790022823606,0,4222.0,64.50506032282912,0
2014,773,313,743,301,81.54,4204,54872,1145,Yala,0.9616613418530352,46.61737720572941,43.15622566074509,132.30962948496668,129.96097507040392,365.0043353319608,394.66575780058827,105.56203159019609,20778000.0,0.0093757590478504,3.1790022823606,0,4408.0,43.15622566074509,0
2015,1868,756,1835,743,84.34,4349,139114,2903,Maha,0.9828042328042328,75.31621139075631,64.50506032282912,252.9520503011205,193.14594800420167,775.1213542955182,575.0589468879551,108.28878002591036,20970000.0,0.0092405428818942,3.76836783062096,0,4364.0,64.50506032282912,0
2015,1188,481,1176,476,87.8,4527,93091,1942,Yala,0.9896049896049895,45.51182859975098,43.15622566074509,137.26165984464706,129.96097507040392,411.7413544562745,394.66575780058827,103.52517618039217,20970000.0,0.0092405428818942,3.76836783062096,0,4204.0,43.15622566074509,0
2016,1341,543,946,383,60.17,4301,70634,1474,Maha,0.7053406998158379,32.93852626428571,64.50506032282912,102.15671056526612,193.14594800420167,399.60770427030815,575.0589468879551,54.36439398389356,21209000.0,0.0113972341440151,3.9588884659307,0,4349.0,64.50506032282912,0
2016,952,385,939,380,85.67,4417,72722,1517,Yala,0.987012987012987,55.45093756008432,43.15622566074509,168.0536784799706,129.96097507040392,499.3747687770588,394.66575780058827,117.09524080980393,21209000.0,0.0113972341440151,3.9588884659307,0,4527.0,43.15622566074509,0
2017,1649,667,1532,620,83.43,4302,114874,2397,Maha,0.929535232383808,65.46958249397758,64.50506032282912,195.3238855770308,193.14594800420167,526.129374257703,575.0589468879551,112.7522069684874,21453000.0,0.0115045499552077,7.70413767850602,0,4301.0,64.50506032282912,0
2017,616,249,584,236,83.23,4291,43580,909,Yala,0.9477911646586346,45.67629182722549,43.15622566074509,137.32058828637255,129.96097507040392,443.8523294633333,394.66575780058827,113.45850397647058,21453000.0,0.0115045499552077,7.70413767850602,0,4417.0,43.15622566074509,0
2018,1848,748,1789,724,73.07,4747,147256,3073,Maha,0.9679144385026738,59.10647630882353,64.50506032282912,177.04330911134454,193.14594800420167,540.3515984551822,575.0589468879551,91.45016808403362,21670000.0,0.0101151354122965,2.135037737132,0,4302.0,64.50506032282912,0
2018,924,374,897,363,90.83,4683,73466,1533,Yala,0.9705882352941176,57.45567498982157,43.15622566074509,171.80512968713725,129.96097507040392,523.935474154902,394.66575780058827,123.30866460392156,21670000.0,0.0101151354122965,2.135037737132,0,4291.0,43.15622566074509,0
2019,1859,752,1828,740,80.28,4531,153207,3197,Maha,0.9840425531914894,75.37790310448179,64.50506032282912,232.28464873137253,193.14594800420167,670.2664221036415,575.0589468879551,107.70176018109244,21803000.0,0.0061375173050299,3.52839358231811,0,4747.0,64.50506032282912,0
2019,912,369,855,346,94.96,4896,72822,1519,Yala,0.9376693766937668,48.199404584617646,43.15622566074509,132.4533422221039,129.96097507040392,349.0331483690196,394.66575780058827,117.81211641960785,21803000.0,0.0061375173050299,3.52839358231811,0,4683.0,43.15622566074509,0
2020,1903,770,1884,762,83.53,4307,146720,3062,Maha,0.9896103896103896,51.3952003302521,64.50506032282912,151.37194024789918,193.14594800420167,538.4313716540616,575.0589468879551,77.66852121288515,21919000.0,0.005320368756593,6.15394508391738,0,4531.0,64.50506032282912,1
2020,1127,456,1114,451,88.28,4552,92218,1924,Yala,0.9890350877192984,51.084777528319606,43.15622566074509,151.4709000672941,129.96097507040392,393.25354551117647,394.66575780058827,128.48788722941177,21919000.0,0.005320368756593,6.15394508391738,0,4896.0,43.15622566074509,1
2021,1917,776,1893,766,55.33,2853,92555,1931,Maha,0.9871134020618556,75.79486719383753,64.50506032282912,237.16242287072828,193.14594800420167,707.9451778921568,575.0589468879551,113.7626506885154,22156000.0,0.0108125370682969,7.01478071238195,0,4307.0,64.50506032282912,1
2021,1239,501,1228,497,83.57,4309,100079,2088,Yala,0.9920159680638724,58.10977931291176,43.15622566074509,172.8538656260059,129.96097507040392,501.1422198019608,394.66575780058827,132.0445726882353,22156000.0,0.0108125370682969,7.01478071238195,0,4552.0,43.15622566074509,1
2022,2008,813,1996,808,68.92,3554,129217,2696,Maha,0.993849938499385,61.48038731764706,64.50506032282912,182.83751094817927,193.14594800420167,579.2372669901961,575.0589468879551,97.89407632170868,22181000.0,0.0011283625203104,49.7211021114327,0,2853.0,64.50506032282912,1
2022,1190,482,1187,480,62.21,3207,70050,1462,Yala,0.995850622406639,57.56521543515686,43.15622566074509,161.46972448762745,129.96097507040392,458.0609541545098,394.66575780058827,135.42114428039216,22181000.0,0.0011283625203104,49.7211021114327,0,4309.0,43.15622566074509,1
2023,1993,807,1940,785,72.0,3712,130452,2722,Maha,0.9727385377943,92.05060156904764,64.50506032282912,273.0904386372549,193.14594800420167,734.1385919159665,575.0589468879551,137.49458898039217,22037000.0,-0.0064920427392813,16.5411742279832,0,3554.0,64.50506032282912,1
2023,1248,505,1215,492,74.12,3822,87101,1817,Yala,0.9742574257425742,63.41531104319608,43.15622566074509,193.13383621207845,129.96097507040392,616.776992972745,394.66575780058827,133.73269427254905,22037000.0,-0.0064920427392813,16.5411742279832,0,3207.0,43.15622566074509,1
2024,1189,481,1185,479,74.12,3893,94725,1976,Yala,0.9958419958419958,42.73164168661373,43.15622566074509,121.95123312480392,129.96097507040392,331.20767360588235,394.66575780058827,101.75966955882352,21916000.0,-0.0054907655306983,-0.42936004906973,0,3822.0,43.15622566074509,0
